{
  "angle_stats": {
    "left_elbow_angle": {
      "mean": 116.84933412616274,
      "min": 99.4816473053964,
      "max": 138.80826038457852,
      "std": 9.847795629527882
    },
    "right_elbow_angle": {
      "mean": 105.45199421888364,
      "min": 97.70741051840797,
      "max": 126.63814106520749,
      "std": 5.797946576101733
    },
    "left_knee_angle": {
      "mean": 146.8460732003547,
      "min": 85.35349387988173,
      "max": 177.4832105827933,
      "std": 31.90811795790832
    },
    "right_knee_angle": {
      "mean": 149.573030921667,
      "min": 116.97642777072579,
      "max": 170.96860507532372,
      "std": 18.97529910099544
    },
    "left_hip_angle": {
      "mean": 143.02558958961382,
      "min": 74.79666520623331,
      "max": 177.7801742281409,
      "std": 34.397948436595364
    },
    "right_hip_angle": {
      "mean": 127.68334648567397,
      "min": 82.2724006481068,
      "max": 154.72853364697795,
      "std": 24.310516152706985
    }
  },
  "velocity_stats": {
    "pelvis_speed": {
      "mean": 0.10063384331523861,
      "max": 0.3254735830222918
    },
    "left_wrist_speed": {
      "mean": 0.28842597579655116,
      "max": 0.7643375180819635
    },
    "right_wrist_speed": {
      "mean": 0.37516672628116976,
      "max": 1.5166208977244913
    },
    "left_ankle_speed": {
      "mean": 0.19060779759866647,
      "max": 0.9175822863809375
    },
    "right_ankle_speed": {
      "mean": 0.14886548677224562,
      "max": 0.5935616963754057
    }
  },
  "pose_valid_frame_ratio": 1.0,
  "motion_energy_proxy_peak": 1.6571254377707936,
  "peak_events": {
    "pelvis_speed_peak": 3391805640.0,
    "right_elbow_angular_velocity_peak": 3391807234.0,
    "right_wrist_speed_peak": 3391804546.0
  }
}