{
  "angle_stats": {
    "left_elbow_angle": {
      "mean": 129.79992877502636,
      "min": 64.1801425880719,
      "max": 174.919954040366,
      "std": 30.94272327663528
    },
    "right_elbow_angle": {
      "mean": 141.49546934287827,
      "min": 91.43547969867299,
      "max": 169.70118199980246,
      "std": 18.428572421499133
    },
    "left_knee_angle": {
      "mean": 146.13067785465893,
      "min": 133.51957902744826,
      "max": 158.7417766818696,
      "std": 12.611098827210668
    },
    "right_knee_angle": {
      "mean": 122.77062417412597,
      "min": 122.08583820533379,
      "max": 123.45541014291817,
      "std": 0.6847859687921911
    },
    "left_hip_angle": {
      "mean": 159.6733009630374,
      "min": 20.683063793389916,
      "max": 178.43652554199622,
      "std": 30.09725474806743
    },
    "right_hip_angle": {
      "mean": 163.98799338479998,
      "min": 18.671999161959526,
      "max": 178.8133362971815,
      "std": 29.26763458693247
    }
  },
  "velocity_stats": {
    "pelvis_speed": {
      "mean": 0.1361475326324865,
      "max": 0.6567593757308684
    },
    "left_wrist_speed": {
      "mean": 2.4359000559468797,
      "max": 10.046051674020642
    },
    "right_wrist_speed": {
      "mean": 2.713118686759515,
      "max": 13.482935320361458
    },
    "left_ankle_speed": {
      "mean": 0.5481080670887548,
      "max": 4.92571272822044
    },
    "right_ankle_speed": {
      "mean": 0.4722195590006413,
      "max": 5.056345360801301
    }
  },
  "pose_valid_frame_ratio": 0.30538922155688625,
  "motion_energy_proxy_peak": 18.152533279837826,
  "peak_events": {
    "pelvis_speed_peak": 3570307390.0,
    "right_elbow_angular_velocity_peak": 3570309578.0,
    "right_wrist_speed_peak": 3570313171.0
  }
}